-- phpMyAdmin SQL Dump
-- version 4.0.4.1
-- http://www.phpmyadmin.net
--
-- Host: 127.0.0.1
-- Generation Time: Mar 28, 2018 at 04:12 AM
-- Server version: 5.6.11
-- PHP Version: 5.5.3

SET SQL_MODE = "NO_AUTO_VALUE_ON_ZERO";
SET time_zone = "+00:00";


/*!40101 SET @OLD_CHARACTER_SET_CLIENT=@@CHARACTER_SET_CLIENT */;
/*!40101 SET @OLD_CHARACTER_SET_RESULTS=@@CHARACTER_SET_RESULTS */;
/*!40101 SET @OLD_COLLATION_CONNECTION=@@COLLATION_CONNECTION */;
/*!40101 SET NAMES utf8 */;

--
-- Database: `sistem_pakar`
--
CREATE DATABASE IF NOT EXISTS `sistem_pakar` DEFAULT CHARACTER SET latin1 COLLATE latin1_swedish_ci;
USE `sistem_pakar`;

-- --------------------------------------------------------

--
-- Table structure for table `administrator`
--

CREATE TABLE IF NOT EXISTS `administrator` (
  `IdAdministrator` int(11) NOT NULL AUTO_INCREMENT,
  `Email` varchar(150) NOT NULL,
  `Nama` varchar(100) NOT NULL,
  `Password` varchar(50) NOT NULL,
  PRIMARY KEY (`IdAdministrator`)
) ENGINE=InnoDB  DEFAULT CHARSET=latin1 AUTO_INCREMENT=2 ;

--
-- Dumping data for table `administrator`
--

INSERT INTO `administrator` (`IdAdministrator`, `Email`, `Nama`, `Password`) VALUES
(1, 'admin@gmail.com', 'Admin', '21232f297a57a5a743894a0e4a801fc3');

-- --------------------------------------------------------

--
-- Table structure for table `cf_rekam_medis`
--

CREATE TABLE IF NOT EXISTS `cf_rekam_medis` (
  `kodeR` varchar(10) NOT NULL,
  `kode_penyakit` varchar(10) NOT NULL,
  `namapenyakit` varchar(20) NOT NULL,
  `G1` float(1,1) NOT NULL,
  `G2` float(1,1) NOT NULL,
  `G3` float(1,1) NOT NULL,
  `G4` float(1,1) NOT NULL,
  `G5` float(1,1) NOT NULL,
  `G6` float(1,1) NOT NULL,
  `G7` float(1,1) NOT NULL,
  `G8` float(1,1) NOT NULL,
  `G9` float(1,1) NOT NULL,
  `G10` float(1,1) NOT NULL,
  `G11` float(1,1) NOT NULL,
  `G12` float(1,1) NOT NULL,
  `G13` float(1,1) NOT NULL,
  `G14` float(1,1) NOT NULL,
  `G15` float(1,1) NOT NULL,
  `G16` float(1,1) NOT NULL,
  `G17` float(1,1) NOT NULL,
  `G18` float(1,1) NOT NULL,
  `G19` float(1,1) NOT NULL,
  `G20` float(1,1) NOT NULL,
  `G21` float(1,1) NOT NULL,
  `G22` float(1,1) NOT NULL,
  `G23` float(1,1) NOT NULL,
  `G24` float(1,1) NOT NULL,
  `G25` float(1,1) NOT NULL,
  `G26` float(1,1) NOT NULL,
  `G27` float(1,1) NOT NULL,
  `G28` float(1,1) NOT NULL,
  `G29` float(1,1) NOT NULL,
  `G30` float(1,1) NOT NULL,
  `G31` float(1,1) NOT NULL,
  `G32` float(1,1) NOT NULL,
  `G33` float(1,1) NOT NULL,
  `G34` float(1,1) NOT NULL,
  `G35` float(1,1) NOT NULL,
  `G36` float(1,1) NOT NULL,
  PRIMARY KEY (`kodeR`)
) ENGINE=InnoDB DEFAULT CHARSET=latin1;

--
-- Dumping data for table `cf_rekam_medis`
--

INSERT INTO `cf_rekam_medis` (`kodeR`, `kode_penyakit`, `namapenyakit`, `G1`, `G2`, `G3`, `G4`, `G5`, `G6`, `G7`, `G8`, `G9`, `G10`, `G11`, `G12`, `G13`, `G14`, `G15`, `G16`, `G17`, `G18`, `G19`, `G20`, `G21`, `G22`, `G23`, `G24`, `G25`, `G26`, `G27`, `G28`, `G29`, `G30`, `G31`, `G32`, `G33`, `G34`, `G35`, `G36`) VALUES
('R001', 'P001', 'skabies', 0.6, 0.6, 0.6, 0.4, 0.4, 0.6, 0.0, 0.0, 0.4, 0.0, 0.0, 0.0, 0.0, 0.0, 0.0, 0.4, 0.4, 0.4, 0.0, 0.0, 0.0, 0.4, 0.0, 0.0, 0.0, 0.0, 0.0, 0.4, 0.4, 0.0, 0.4, 0.4, 0.4, 0.6, 0.0, 0.6),
('R002', 'P002', 'maloklusi', 0.0, 0.0, 0.0, 0.0, 0.0, 0.0, 0.0, 0.4, 0.4, 0.0, 0.0, 0.0, 0.8, 0.6, 0.4, 0.4, 0.4, 0.4, 0.4, 0.4, 0.0, 0.4, 0.4, 0.0, 0.0, 0.4, 0.0, 0.4, 0.0, 0.0, 0.4, 0.4, 0.4, 0.0, 0.4, 0.0),
('R003', 'P003', 'earmites', 0.4, 0.8, 0.4, 0.6, 0.6, 0.6, 0.4, 0.0, 0.4, 0.0, 0.0, 0.0, 0.0, 0.0, 0.0, 0.4, 0.4, 0.4, 0.0, 0.0, 0.0, 0.4, 0.0, 0.0, 0.0, 0.0, 0.0, 0.0, 0.0, 0.0, 0.4, 0.4, 0.4, 0.6, 0.0, 0.6),
('R004', 'P004', 'Furmites', 0.0, 0.8, 0.6, 0.4, 0.0, 0.4, 0.4, 0.0, 0.4, 0.0, 0.0, 0.4, 0.0, 0.0, 0.0, 0.4, 0.4, 0.4, 0.0, 0.0, 0.0, 0.4, 0.0, 0.0, 0.0, 0.0, 0.0, 0.4, 0.0, 0.0, 0.4, 0.4, 0.4, 0.6, 0.0, 0.6),
('R005', 'P005', 'diare', 0.0, 0.0, 0.4, 0.0, 0.0, 0.0, 0.0, 0.4, 0.4, 0.0, 0.0, 0.0, 0.4, 0.0, 0.4, 0.4, 0.4, 0.4, 0.4, 0.4, 0.0, 0.4, 0.0, 0.0, 0.0, 0.4, 0.4, 0.4, 0.4, 0.0, 0.4, 0.4, 0.4, 0.0, 0.4, 0.0),
('R006', 'P006', 'flu', 0.0, 0.0, 0.4, 0.0, 0.0, 0.4, 0.0, 0.4, 0.4, 0.4, 0.6, 0.6, 0.4, 0.4, 0.4, 0.4, 0.4, 0.4, 0.4, 0.4, 0.4, 0.4, 0.0, 0.0, 0.0, 0.4, 0.0, 0.4, 0.4, 0.0, 0.4, 0.4, 0.4, 0.0, 0.4, 0.0),
('R007', 'P007', 'cacingan', 0.0, 0.0, 0.4, 0.0, 0.0, 0.0, 0.0, 0.6, 0.4, 0.4, 0.4, 0.0, 0.4, 0.0, 0.4, 0.4, 0.4, 0.4, 0.4, 0.4, 0.0, 0.4, 0.0, 0.0, 0.0, 0.4, 0.4, 0.4, 0.4, 0.0, 0.4, 0.4, 0.4, 0.0, 0.4, 0.0),
('R008', 'P008', 'kossiodiosis', 0.0, 0.0, 0.4, 0.0, 0.0, 0.0, 0.0, 0.6, 0.4, 0.4, 0.4, 0.0, 0.4, 0.4, 0.4, 0.4, 0.6, 0.6, 0.4, 0.4, 0.0, 0.6, 0.0, 0.0, 0.0, 0.6, 0.6, 0.4, 0.6, 0.0, 0.6, 0.6, 0.6, 0.0, 0.6, 0.0),
('R009', 'P009', 'Radang Mata', 0.0, 0.0, 0.4, 0.0, 0.0, 0.4, 0.0, 0.4, 0.4, 0.2, 0.4, 0.4, 0.4, 0.0, 0.4, 0.4, 0.4, 0.4, 0.4, 0.6, 0.6, 0.4, 0.0, 0.0, 0.0, 0.0, 0.0, 0.0, 0.0, 0.0, 0.4, 0.4, 0.4, 0.4, 0.4, 0.0),
('R010', 'P010', 'Hairball', 0.0, 0.0, 0.6, 0.0, 0.0, 0.6, 0.0, 0.4, 0.4, 0.4, 0.0, 0.0, 0.4, 0.0, 0.4, 0.4, 0.4, 0.4, 0.0, 0.0, 0.0, 0.4, 0.0, 0.0, 0.0, 0.6, 0.0, 0.6, 0.4, 0.0, 0.4, 0.4, 0.4, 0.0, 0.4, 0.0);

-- --------------------------------------------------------

--
-- Table structure for table `rekam_medis`
--

CREATE TABLE IF NOT EXISTS `rekam_medis` (
  `kodeRM` varchar(10) NOT NULL,
  `noRM` varchar(10) NOT NULL,
  `namakelinci` varchar(20) NOT NULL,
  `tgl_periksa` date NOT NULL,
  `G1` varchar(10) NOT NULL,
  `G2` varchar(10) NOT NULL,
  `G3` varchar(10) NOT NULL,
  `G4` varchar(10) NOT NULL,
  `G5` varchar(10) NOT NULL,
  `G6` varchar(10) NOT NULL,
  `G7` varchar(10) NOT NULL,
  `G8` varchar(10) NOT NULL,
  `G9` varchar(10) NOT NULL,
  `G10` varchar(10) NOT NULL,
  `G11` varchar(10) NOT NULL,
  `G12` varchar(10) NOT NULL,
  `G13` varchar(10) NOT NULL,
  `G14` varchar(10) NOT NULL,
  `G15` varchar(10) NOT NULL,
  `G16` varchar(10) NOT NULL,
  `G17` varchar(10) NOT NULL,
  `G18` varchar(10) NOT NULL,
  `G19` varchar(10) NOT NULL,
  `G20` varchar(10) NOT NULL,
  `G21` varchar(10) NOT NULL,
  `G22` varchar(10) NOT NULL,
  `G23` varchar(10) NOT NULL,
  `G24` varchar(10) NOT NULL,
  `G25` varchar(10) NOT NULL,
  `G26` varchar(10) NOT NULL,
  `G27` varchar(10) NOT NULL,
  `G28` varchar(10) NOT NULL,
  `G29` varchar(10) NOT NULL,
  `G30` varchar(10) NOT NULL,
  `G31` varchar(10) NOT NULL,
  `G32` varchar(10) NOT NULL,
  `G33` varchar(10) NOT NULL,
  `G34` varchar(10) NOT NULL,
  `G35` varchar(10) NOT NULL,
  `G36` varchar(10) NOT NULL,
  `kode_penyakit` varchar(10) NOT NULL,
  PRIMARY KEY (`kodeRM`)
) ENGINE=InnoDB DEFAULT CHARSET=latin1;

--
-- Dumping data for table `rekam_medis`
--

INSERT INTO `rekam_medis` (`kodeRM`, `noRM`, `namakelinci`, `tgl_periksa`, `G1`, `G2`, `G3`, `G4`, `G5`, `G6`, `G7`, `G8`, `G9`, `G10`, `G11`, `G12`, `G13`, `G14`, `G15`, `G16`, `G17`, `G18`, `G19`, `G20`, `G21`, `G22`, `G23`, `G24`, `G25`, `G26`, `G27`, `G28`, `G29`, `G30`, `G31`, `G32`, `G33`, `G34`, `G35`, `G36`, `kode_penyakit`) VALUES
('RM001', '1183.3', 'cimo', '2017-03-01', 'ada', 'ada', '-', '-', '-', '-', '-', '-', '-', '-', '-', '-', '-', '-', '-', '-', '-', '-', '-', '-', '-', '-', '-', '-', '-', '-', '-', '-', '-', '-', '-', '-', '-', '-', '-', '-', 'skabies'),
('RM002', '1183.3', 'cimo', '2017-03-02', '-', '-', '-', '-', '-', '-', '-', '-', '-', '-', '-', '-', 'ada', '-', '-', '-', '-', '-', '-', '-', '-', '-', 'ada', '-', '-', '-', '-', '-', '-', '-', '-', 'ada', '-', '-', '-', '-', 'maloklusi'),
('RM003', '0905.01', 'Enci', '2017-01-16', 'ada', '-', 'ada', '-', '-', '-', '-', '-', '-', '-', '-', '-', '-', '-', '-', '-', '-', '-', '-', '-', '-', '-', '-', '-', '-', '-', '-', '-', '-', '-', '-', '-', '-', 'ada', '-', '-', 'skabies'),
('RM004', '0905.01', 'Enci', '2017-05-01', '-', 'ada', '-', 'ada', 'ada', '-', '-', '-', '-', '-', '-', '-', '-', '-', '-', '-', '-', '-', '-', '-', '-', '-', '-', '-', '-', '-', '-', '-', '-', '-', '-', '-', '-', '-', '-', '-', 'earmites'),
('RM005', '0806.12', 'linlin', '2017-01-02', 'ada', '-', '-', '-', '-', '-', '-', '-', '-', '-', '-', '-', '-', '-', '-', '-', '-', '-', '-', '-', '-', '-', '-', '-', '-', '-', '-', '-', '-', '-', '-', '-', '-', '-', '-', '-', 'skabies'),
('RM006', '0806.12', 'linlin', '2017-03-29', 'ada', '-', '-', '-', '-', 'ada', '-', '-', '-', '-', '-', '-', '-', '-', '-', '-', '-', '-', '-', '-', '-', '-', '-', '-', '-', '-', '-', '-', '-', '-', '-', '-', '-', '-', '-', '-', 'skabies'),
('RM007', '0669.12', 'yessie', '2017-02-17', '-', '-', 'ada', '-', '-', '-', 'ada', '-', '-', '-', '-', '-', '-', '-', '-', '-', '-', '-', '-', '-', '-', '-', '-', '-', '-', '-', '-', '-', '-', '-', '-', '-', '-', '-', '-', '-', 'furmites'),
('RM008', '0325.08', 'sandra', '2018-02-14', '-', '-', '-', '-', '-', '-', '-', 'ada', 'ada', '-', '-', '-', '-', '-', '-', '-', '-', '-', '-', '-', '-', '-', '-', '-', '-', '-', '-', '-', '-', '-', '-', '-', 'ada', '-', '-', '-', 'diare'),
('RM009', '0316.08', 'Moly', '2017-08-07', 'ada', '-', '-', '-', '-', '-', '-', '-', '-', '-', '-', '-', '-', '-', '-', '-', '-', '-', '-', '-', '-', '-', '-', '-', '-', '-', '-', '-', '-', '-', '-', '-', '-', '-', '-', '-', 'skabies'),
('RM010', '0308.08', 'gendut', '2017-08-03', 'ada', '-', '-', '-', '-', '-', '-', '-', '-', '-', '-', '-', '-', '-', '-', '-', '-', '-', '-', '-', '-', '-', '-', '-', '-', '-', '-', '-', '-', '-', '-', '-', '-', '-', '-', '-', 'skabies'),
('RM011', '0308.08', 'gendut', '2017-08-14', '-', '-', '-', '-', '-', '-', '-', '-', '-', 'ada', 'ada', 'ada', '-', '-', '-', '-', '-', '-', '-', '-', '-', '-', '-', '-', '-', '-', '-', '-', '-', '-', '-', '-', '-', '-', '-', '-', 'flu'),
('RM012', '0289.07', 'Quai-quai', '2017-12-10', 'ada', '-', 'ada', '-', '-', '-', '-', '-', '-', '-', '-', '-', '-', '-', '-', '-', '-', '-', '-', '-', '-', '-', '-', '-', '-', '-', '-', '-', '-', '-', '-', '-', '-', '-', '-', '-', 'skabies'),
('RM013', '0289.07', 'quai-quai', '2018-01-04', 'ada', '-', '-', '-', '-', '-', '-', '-', '-', '-', '-', '-', '-', '-', '-', '-', '-', '-', '-', '-', '-', '-', '-', '-', '-', '-', '-', '-', '-', '-', '-', '-', '-', '-', '-', '-', 'skabies'),
('RM014', '0276.07', 'xing-xing', '2016-07-21', '-', '-', '-', '-', '-', '-', '-', '-', '-', '-', '-', '-', 'ada', '-', '-', '-', '-', '-', '-', '-', '-', '-', '-', '-', '-', '-', '-', '-', '-', '-', '-', '-', 'ada', '-', '-', '-', 'maloklusi'),
('RM015', '0276.07', 'xing-xing', '2017-04-01', 'ada', '-', '-', '-', '-', '-', '-', '-', '-', '-', '-', '-', '-', '-', '-', '-', '-', '-', '-', '-', '-', '-', '-', '-', '-', '-', '-', '-', '-', '-', '-', '-', '-', '-', '-', '-', 'skabies'),
('RM016', '0276.07', 'xing-xing', '2017-04-15', '-', '-', '-', '-', '-', '-', '-', '-', '-', '-', '-', '-', 'ada', '-', '-', 'ada', '-', '-', '-', '-', '-', '-', '-', '-', '-', '-', '-', '-', '-', '-', '-', '-', '-', '-', '-', '-', 'maloklusi'),
('RM017', '0276.07', 'xing-xing', '2017-04-29', '-', '-', '-', '-', '-', '-', '-', '-', '-', '-', '-', '-', 'ada', '-', '-', '-', '-', '-', '-', '-', '-', '-', '-', '-', '-', '-', '-', '-', '-', '-', '-', '-', '-', '-', '-', '-', 'maloklusi'),
('RM018', '0276.07', 'xing-xing', '2017-11-11', 'ada', '-', 'ada', '-', '-', '-', '-', '-', '-', '-', '-', '-', '-', '-', '-', '-', '-', '-', '-', '-', '-', '-', '-', '-', '-', '-', '-', '-', '-', '-', '-', '-', '-', '-', '-', '-', 'skabies'),
('RM019', '0262.07', 'mua-mua', '2017-07-13', '-', '-', '-', '-', '-', '-', '-', 'ada', 'ada', '-', '-', '-', '-', '-', '-', '-', '-', '-', '-', '-', '-', '-', '-', '-', '-', '-', '-', '-', '-', '-', '-', 'ada', '-', '-', '-', '-', 'diare'),
('RM020', '0243.06', 'buny', '2017-06-28', '-', '-', '-', '-', '-', '-', '-', '-', 'ada', '-', 'ada', 'ada', '-', '-', '-', '-', '-', '-', '-', '-', '-', '-', '-', 'ada', '-', '-', '-', '-', '-', '-', '-', 'ada', '-', '-', '-', '-', 'flu'),
('RM021', '0082.04', 'unyil', '2017-04-21', 'ada', '-', 'ada', '-', '-', '-', '-', '-', '-', '-', '-', '-', '-', '-', '-', '-', '-', '-', '-', '-', '-', '-', '-', '-', '-', '-', '-', '-', '-', '-', '-', '-', '-', '-', '-', '-', 'skabies'),
('RM022', '0082.04', 'unyil', '2017-07-02', 'ada', '-', 'ada', '-', '-', '-', '-', '-', '-', '-', '-', '-', '-', '-', '-', '-', '-', '-', '-', '-', '-', '-', '-', '-', '-', '-', '-', '-', '-', '-', '-', '-', '-', '-', '-', '-', 'skabies'),
('RM023', '0069.04', 'choco', '2017-06-07', 'ada', '-', '-', '-', '-', '-', '-', '-', '-', '-', '-', '-', '-', '-', '-', '-', '-', '-', '-', '-', '-', '-', '-', '-', '-', '-', '-', '-', '-', '-', '-', '-', '-', '-', '-', '-', 'skabies'),
('RM024', '0136.05', 'cifewy', '2017-05-15', '-', '-', '-', '-', '-', '-', '-', 'ada', 'ada', '-', '-', '-', '-', '-', 'ada', 'ada', '-', '-', '-', '-', '-', '-', '-', '-', 'ada', '-', '-', '-', 'ada', '-', '-', '-', '-', '-', '-', '-', 'diare'),
('RM025', '0142.05', 'bimbim', '2017-05-19', '-', '-', '-', '-', '-', '-', '-', '-', '-', '-', '-', '-', 'ada', 'ada', '-', '-', '-', '-', '-', '-', '-', '-', '-', '-', '-', '-', '-', '-', '-', '-', 'ada', '-', '-', '-', '-', '-', 'maloklusi'),
('RM026', '0204.06', 'Molly', '2017-06-01', '-', '-', '-', '-', '-', '-', '-', '-', 'ada', '-', '-', '-', '-', '-', '-', 'ada', '-', '-', '-', '-', '-', '-', '-', '-', 'ada', 'ada', 'ada', '-', '-', '-', '-', '-', '-', '-', '-', '-', 'diare'),
('RM027', '0216.06', 'goofa', '2017-07-06', '-', '-', '-', '-', '-', '-', '-', '-', '-', '-', '-', '-', 'ada', '-', '-', '-', '-', '-', '-', '-', '-', '-', '-', '-', '-', '-', '-', '-', '-', '-', 'ada', '-', '-', '-', '-', '-', 'maloklusi'),
('RM028', '0498.10', 'Cika', '2017-10-02', '-', '-', '-', '-', '-', '-', '-', '-', '-', '-', '-', '-', 'ada', '-', 'ada', '-', '-', '-', '-', '-', '-', '-', '-', '-', '-', '-', '-', '-', '-', '-', '-', 'ada', '-', '-', '-', '-', 'maloklusi'),
('RM029', '0536.10', 'pipo', '2016-10-20', '-', '-', '-', '-', '-', '-', '-', '-', 'ada', '-', '-', '-', 'ada', '-', '-', '-', '-', '-', '-', '-', '-', '-', '-', '-', '-', '-', '-', '-', '-', '-', '-', '-', '-', '-', '-', '-', 'maloklusi'),
('RM030', '0536,10', 'pipo', '2017-10-04', '-', '-', '-', '-', '-', '-', '-', '-', '-', '-', '-', '-', 'ada', '-', '-', '-', '-', '-', '-', '-', '-', '-', '-', '-', '-', '-', '-', '-', '-', '-', 'ada', '-', '-', '-', '-', '-', 'maloklusi'),
('RM031', '0571.11', 'yovie', '2017-02-28', '-', '-', 'ada', '-', '-', '-', 'ada', '-', '-', '-', '-', '-', '-', '-', '-', '-', '-', '-', '-', '-', '-', '-', '-', '-', '-', '-', '-', '-', '-', '-', '-', '-', '-', '-', '-', '-', 'furmites'),
('RM032', '0575.11', 'Enci', '2017-11-01', '-', '-', 'ada', '-', '-', '-', 'ada', '-', '-', '-', '-', '-', '-', '-', '-', '-', '-', '-', '-', '-', '-', '-', '-', '-', '-', '-', '-', '-', '-', '-', '-', '-', '-', '-', '-', '-', 'furmites'),
('RM033', '0587.11', 'Cheo', '2017-11-07', '-', '-', '-', '-', '-', '-', '-', 'ada', 'ada', '-', '-', '-', '-', '-', '-', '-', 'ada', 'ada', '-', '-', '-', '-', '-', '-', 'ada', 'ada', '-', '-', '-', '-', '-', '-', '-', '-', '-', '-', 'diare'),
('RM034', '0757.12', 'Bunny', '2017-12-02', 'ada', '-', '-', '-', '-', '-', '-', '-', '-', '-', '-', '-', '-', '-', '-', '-', '-', '-', '-', '-', '-', '-', '-', '-', '-', '-', '-', '-', '-', '-', '-', '-', '-', '-', '-', '-', 'skabies'),
('RM035', '0757.12', 'Bunny', '2017-12-24', 'ada', '-', '-', '-', '-', '-', '-', '-', '-', '-', '-', '-', '-', '-', '-', '-', '-', '-', '-', '-', '-', '-', '-', '-', '-', '-', '-', '-', '-', '-', '-', '-', '-', '-', '-', '-', 'skabies'),
('RM036', '0923.01', 'popo', '2017-01-10', '-', '-', '-', '-', '-', '-', '-', 'ada', 'ada', '-', '-', '-', '-', '-', '-', '-', '-', 'ada', '-', '-', '-', '-', '-', '-', '-', '-', '-', 'ada', '-', '-', '-', '-', '-', '-', 'ada', '-', 'Cacingan'),
('RM037', '0933.01', 'Angel Bunny', '2018-01-07', 'ada', '-', '-', '-', '-', 'ada', '-', '-', '-', '-', '-', '-', '-', '-', '-', '-', '-', '-', '-', '-', '-', '-', '-', '-', '-', '-', '-', '-', '-', '-', '-', '-', '-', '-', '-', '-', 'skabies'),
('RM038', '0933.01', 'Angel Bunny', '2018-02-19', 'ada', '-', 'ada', '-', '-', '-', '-', '-', '-', '-', '-', '-', '-', '-', '-', '-', '-', '-', '-', '-', '-', '-', '-', '-', '-', '-', '-', '-', '-', '-', '-', '-', '-', '-', '-', '-', 'skabies'),
('RM039', '0933.01', 'Angel bunny', '2018-02-05', 'ada', '-', 'ada', '-', '-', '-', '-', '-', '-', '-', '-', '-', '-', '-', '-', '-', '-', '-', '-', '-', '-', '-', '-', '-', '-', '-', '-', '-', '-', '-', '-', '-', '-', '-', '-', '-', 'skabies'),
('RM040', '1030.02', 'Ileng', '2017-02-20', 'ada', '-', '-', '-', '-', '-', '-', '-', '-', '-', '-', '-', '-', '-', '-', '-', '-', '-', '-', '-', '-', '-', '-', '-', '-', '-', '-', '-', '-', '-', '-', '-', '-', '-', '-', '-', 'skabies'),
('RM041', '2720.01', 'Moci', '2018-01-19', '-', '-', '-', '-', '-', '-', '-', '-', 'ada', '-', '-', '-', '-', '-', '-', '-', '-', '-', '-', '-', '-', '-', '-', '-', '-', 'ada', 'ada', '-', 'ada', '-', '-', '-', 'ada', '-', '-', '-', 'Koksidiosi'),
('RM043', '2612.12', 'rocky', '2016-12-23', 'ada', '-', '-', '-', '-', '-', '-', '-', '-', '-', '-', '-', '-', '-', '-', '-', '-', '-', '-', '-', '-', '-', '-', '-', '-', '-', '-', '-', '-', '-', '-', '-', '-', '-', '-', '-', 'skabies'),
('RM044', '2601.12', 'Milo', '2018-01-01', 'ada', '-', '-', '-', '-', '-', '-', '-', '-', '-', '-', '-', '-', '-', '-', '-', '-', '-', '-', '-', '-', '-', '-', '-', '-', '-', '-', '-', '-', '-', '-', '-', '-', '-', '-', '-', 'skabies'),
('RM045', '2601.12', 'milo', '2018-01-31', 'ada', '-', '-', '-', '-', '-', '-', '-', '-', '-', '-', '-', '-', '-', '-', '-', '-', '-', '-', '-', '-', '-', '-', '-', '-', '-', '-', '-', '-', '-', '-', '-', '-', '-', '-', '-', 'skabies'),
('RM046', '2600.12', 'Cila', '2017-12-20', 'ada', '-', '-', '-', '-', '-', '-', '-', '-', '-', '-', '-', '-', '-', '-', '-', '-', '-', '-', '-', '-', '-', '-', '-', '-', '-', '-', '-', '-', '-', '-', '-', '-', '-', '-', '-', 'skabies'),
('RM047', '2599.12', 'Celi', '2017-12-20', 'ada', '-', '-', '-', '-', '-', '-', '-', '-', '-', '-', '-', '-', '-', '-', '-', '-', '-', '-', '-', '-', '-', '-', '-', '-', '-', '-', '-', '-', '-', '-', '-', '-', '-', '-', '-', 'skabies'),
('RM048', '2587.12', 'Cilo', '2017-12-18', 'ada', '-', '-', '-', '-', '-', '-', '-', '-', '-', '-', '-', '-', '-', '-', '-', '-', '-', '-', '-', '-', '-', '-', '-', '-', '-', '-', '-', '-', '-', '-', '-', '-', '-', '-', '-', 'skabies'),
('RM049', '2547.12', 'Loky', '2018-01-31', 'ada', '-', '-', '-', '-', '-', '-', '-', '-', '-', '-', '-', '-', '-', '-', '-', '-', '-', '-', '-', '-', '-', '-', '-', '-', '-', '-', '-', '-', '-', '-', '-', '-', '-', '-', '-', 'skabies'),
('RM050', '2477.11', 'Chloe', '2017-11-29', '-', '-', '-', '-', '-', '-', '-', 'ada', 'ada', '-', '-', '-', '-', '-', '-', '-', '-', '-', '-', '-', '-', '-', '-', '-', '-', '-', '-', '-', 'ada', '-', '-', 'ada', '-', '-', '-', '-', 'diare'),
('RM051', '2477.11', 'Chloe', '2017-12-04', '-', '-', '-', '-', '-', '-', '-', '-', 'ada', '-', '-', '-', '-', '-', '-', '-', '-', '-', '-', '-', '-', '-', '-', '-', '-', '-', 'ada', '-', 'ada', '-', '-', '-', 'ada', '-', '-', '-', 'diare'),
('RM052', '2405.11', 'caca', '2017-12-18', 'ada', '-', '-', '-', '-', '-', '-', '-', '-', '-', '-', '-', '-', '-', '-', '-', '-', '-', '-', '-', '-', '-', '-', '-', '-', '-', '-', '-', '-', '-', '-', '-', '-', '-', '-', '-', 'skabies'),
('RM053', '2398.11', 'Alfa', '2017-11-06', '-', '-', '-', '-', '-', '-', '-', '-', '-', '-', '-', '-', 'ada', '-', '-', '-', '-', '-', '-', '-', '-', '-', '-', '-', '-', '-', '-', '-', '-', '-', '-', '-', 'ada', '-', '-', '-', 'maloklusi'),
('RM054', '2398.11', 'Alfa', '2017-11-30', '-', '-', '-', '-', '-', '-', '-', '-', '-', '-', '-', '-', 'ada', '-', '-', '-', '-', '-', '-', '-', '-', '-', '-', '-', '-', '-', '-', '-', '-', '-', '-', 'ada', '-', '-', '-', '-', 'maloklusi'),
('RM055', '2341.10', 'TN. Rabbit', '2017-10-21', '-', '-', '-', '-', '-', '-', '-', '-', 'ada', '-', '-', '-', '-', '-', '-', '-', '-', '-', 'ada', 'ada', 'ada', '-', '-', '-', '-', '-', '-', 'ada', '-', '-', '-', 'ada', '-', '-', '-', '-', 'Radang Mat'),
('RM056', '2305.10', 'NN', '2017-10-08', '-', '-', '-', '-', '-', '-', '-', 'ada', 'ada', '-', '-', '-', '-', '-', '-', '-', '-', '-', '-', '-', '-', '-', '-', '-', '-', 'ada', 'ada', '-', '-', '-', '-', 'ada', '-', '-', '-', '-', 'diare'),
('RM057', '2212.09', 'Mimok', '2017-09-27', '-', '-', '-', '-', '-', '-', '-', 'ada', 'ada', '-', '-', '-', '-', '-', '-', '-', '-', '-', '-', '-', '-', 'ada', '-', '-', '-', '-', '-', '-', '-', '-', '-', 'ada', '-', '-', '-', '-', 'diare'),
('RM058', '2070.08', 'bimbim', '2017-08-08', 'ada', '-', 'ada', '-', '-', '-', '-', '-', '-', '-', '-', '-', '-', '-', '-', '-', '-', '-', '-', '-', '-', '-', '-', '-', '-', '-', '-', '-', '-', '-', '-', '-', '-', '-', '-', '-', 'skabies'),
('RM059', '2027.08', 'Tupy', '2017-08-14', 'ada', 'ada', '-', '-', '-', '-', '-', '-', '-', '-', '-', '-', '-', '-', '-', '-', '-', '-', '-', '-', '-', '-', '-', '-', '-', '-', '-', '-', '-', '-', '-', '-', '-', '-', '-', '-', 'skabies'),
('RM060', '1848.07', 'Milo', '2017-07-18', '-', '-', '-', '-', '-', '-', '-', 'ada', 'ada', '-', '-', '-', '-', '-', '-', '-', '-', '-', '-', '-', '-', '-', '-', '-', '-', '-', 'ada', '-', '-', '-', '-', '-', 'ada', '-', '-', '-', 'diare'),
('RM061', '1634.06', 'Moky', '2017-05-31', 'ada', '-', '-', '-', '-', '-', '-', '-', '-', '-', '-', '-', '-', '-', '-', '-', '-', '-', '-', '-', '-', '-', '-', '-', '-', '-', '-', '-', '-', '-', '-', '-', '-', '-', '-', '-', 'skabies'),
('RM062', '1626.05', 'Kesi', '2017-05-30', 'ada', '-', 'ada', '-', '-', '-', '-', '-', '-', '-', '-', '-', '-', '-', '-', '-', '-', '-', '-', '-', '-', '-', '-', '-', '-', '-', '-', '-', '-', '-', '-', '-', 'ada', '-', '-', '-', 'skabies'),
('RM063', '1580.05', 'Jekjek', '2017-05-14', '-', '-', 'ada', '-', '-', '-', '-', '-', '-', '-', '-', '-', '-', '-', '-', '-', '-', '-', '-', '-', '-', '-', '-', '-', '-', '-', '-', 'ada', 'ada', '-', 'ada', '-', '-', '-', '-', '-', 'Hairball'),
('RM064', '1574.05', 'Bara', '2017-05-25', '-', '-', '-', '-', '-', '-', '-', '-', 'ada', '-', '-', '-', '-', '-', '-', 'ada', '-', 'ada', '-', '-', '-', '-', '-', '-', '-', 'ada', 'ada', '-', '-', '-', 'ada', '-', '-', '-', '-', '-', 'diare'),
('RM065', '0621.11', 'Bonbon', '2017-11-26', 'ada', '-', '-', '-', '-', '-', '-', '-', '-', '-', '-', '-', '-', '-', '-', '-', '-', '-', '-', '-', '-', '-', '-', '-', '-', '-', '-', '-', '-', '-', '-', '-', '-', '-', '-', '-', 'skabies'),
('RM066', '0621.11', 'Bonbon', '2017-05-08', 'ada', '-', 'ada', '-', '-', '-', '-', '-', '-', '-', '-', '-', '-', '-', '-', '-', '-', '-', '-', '-', '-', '-', '-', '-', '-', '-', '-', 'ada', '-', '-', '-', '-', '-', '-', '-', '-', 'skabies'),
('RM100', '1111', 'asd', '2017-03-03', 'ad', '-', 'ada', '-', '-', '-', '-', '-', '-', '-', '-', '-', '-', '-', '-', '-', '-', '-', '-', '-', '-', '-', '-', '-', '-', '-', '-', '-', '-', '-', '-', '-', '-', '-', '-', '-', 'skabies');

-- --------------------------------------------------------

--
-- Table structure for table `solusi`
--

CREATE TABLE IF NOT EXISTS `solusi` (
  `kode_penyakit` varchar(10) NOT NULL,
  `nama_penyakit` varchar(20) NOT NULL,
  `sebab` text NOT NULL,
  `solusi` text NOT NULL,
  PRIMARY KEY (`kode_penyakit`)
) ENGINE=InnoDB DEFAULT CHARSET=latin1;

--
-- Dumping data for table `solusi`
--

INSERT INTO `solusi` (`kode_penyakit`, `nama_penyakit`, `sebab`, `solusi`) VALUES
('P001', 'skabies', '', ''),
('P002', 'maloklusi', '', ''),
('P003', 'earmites', '', ''),
('P004', 'furmites', '', ''),
('P005', 'diare', '', ''),
('P006', 'flu', '', ''),
('P007', 'cacingan', '', ''),
('P008', 'koksiodiosis', '', ''),
('P009', 'Radang Mata', '', ''),
('P010', 'Hairball', '', '');

-- --------------------------------------------------------

--
-- Table structure for table `user`
--

CREATE TABLE IF NOT EXISTS `user` (
  `id_user` varchar(20) NOT NULL,
  `nama` varchar(30) NOT NULL,
  `alamat` varchar(50) NOT NULL,
  `telp` int(20) NOT NULL,
  `email` varchar(50) NOT NULL,
  `username` varchar(10) NOT NULL,
  `password` varchar(20) NOT NULL,
  `level` varchar(10) NOT NULL,
  PRIMARY KEY (`id_user`)
) ENGINE=InnoDB DEFAULT CHARSET=latin1;

--
-- Dumping data for table `user`
--

INSERT INTO `user` (`id_user`, `nama`, `alamat`, `telp`, `email`, `username`, `password`, `level`) VALUES
('ID001', 'Fabiola Ester', 'Sawojajar', 2147483647, 'fabiola.esterr@gmail.com', 'fabiola', 'fabiola', 'admin'),
('ID002', 'Fajar Pascara', 'Suhat', 81111, 'pascara@gmail.com', 'pascara', 'pascara', 'pakar');

/*!40101 SET CHARACTER_SET_CLIENT=@OLD_CHARACTER_SET_CLIENT */;
/*!40101 SET CHARACTER_SET_RESULTS=@OLD_CHARACTER_SET_RESULTS */;
/*!40101 SET COLLATION_CONNECTION=@OLD_COLLATION_CONNECTION */;
